acousticness,danceability,energy,instrumentalness,key,liveness,loudness,mode,speechiness,tempo,valence,song_title,artist
0.734,0.399,0.235,1.56e-06,5,0.161,-9.774,1,0.0334,105.645,0.197,Happiness,Rex Orange County
0.353,0.68,0.747,0.0,4,0.138,-6.056,0,0.091,113.933,0.331,Fantasy,Alina Baraz
0.227,0.804,0.522,0.000171,9,0.077,-7.319,0,0.0485,134.168,0.243,DGAF,Noah Slee
0.238,0.75,0.502,0.0,10,0.106,-7.184,1,0.31,82.54,0.301,Bad Idea (feat. Chance the Rapper),YBN Cordae
0.901,0.228,0.0497,0.595,10,0.0632,-28.699,1,0.0462,108.402,0.0889,"Nocturne-serenade, Op. 45",Pablo de Sarasate
0.845,0.335,0.104,0.415,2,0.0953,-26.097,1,0.0461,94.642,0.302,"Hungarian Fantasy, Op. 45",Franz Lehár
0.659,0.532,0.495,0.0,10,0.0754,-6.662,1,0.0343,124.936,0.308,Vienna,Billy Joel
0.726,0.445,0.224,0.00015,10,0.119,-12.423,1,0.0296,109.445,0.255,She - Remastered Version,Gram Parsons
0.256,0.461,0.296,1.81e-05,7,0.0871,-11.496,1,0.026,137.252,0.303,Love Hurts - Remastered Version,Gram Parsons
0.929,0.383,0.232,5.06e-06,5,0.102,-11.247,0,0.0708,75.816,0.155,All We've Done (Lost Recording #9),Mark Diamond
0.781,0.365,0.295,5.39e-05,0,0.113,-12.753,1,0.0353,149.995,0.0594,Soft Gentle Brilliant II,Corey Kilgannon
0.349,0.349,0.499,0.756,6,0.127,-6.832,1,0.029,113.476,0.115,Don't Keep Driving,The Paper Kites
0.928,0.425,0.229,0.000185,2,0.121,-12.11,1,0.0332,94.505,0.297,Olivia (Bonus Track),Canyon City
0.816,0.511,0.363,0.0317,4,0.084,-7.65,0,0.041,144.892,0.169,ocean eyes,Billie Eilish
0.912,0.127,0.0355,0.594,7,0.119,-28.803,0,0.0447,65.659,0.0834,Porch,Alan Silvestri
0.642,0.503,0.536,0.00143,4,0.111,-7.229,1,0.0259,90.966,0.21,"Oh, What A World",Kacey Musgraves
0.718,0.447,0.429,0.0163,1,0.105,-7.36,1,0.028,116.521,0.074,Space Cowboy,Kacey Musgraves
0.11,0.669,0.653,1.58e-05,11,0.0826,-5.675,1,0.0269,104.995,0.528,Wonder Woman,Kacey Musgraves
0.0952,0.611,0.555,0.0,6,0.11,-6.372,0,0.0274,88.969,0.413,Golden Hour,Kacey Musgraves
0.587,0.572,0.406,4.48e-06,10,0.102,-8.624,1,0.0427,119.812,0.265,Moral of the Story,Ashe
0.206,0.693,0.664,0.0,7,0.124,-5.352,1,0.0793,96.13,0.542,Rewind,Louis Futon
0.809,0.184,0.0565,0.902,7,0.302,-18.019,1,0.0411,130.317,0.037,The Real Hero,Alan Silvestri
0.907,0.402,0.151,0.0,4,0.0941,-14.227,0,0.0395,144.293,0.483,Break My Heart Again,FINNEAS
0.631,0.803,0.42,0.0,8,0.252,-8.123,1,0.282,91.949,0.693,imagine if (feat. ruth b.),gnash
0.489,0.695,0.695,0.00019,2,0.131,-6.612,1,0.0706,100.021,0.468,Stay With Me,ayokay
0.742,0.793,0.276,0.00967,7,0.142,-13.811,1,0.307,169.995,0.175,Autumn Leaves Fall,Joey Howard
0.784,0.789,0.49,0.000598,2,0.112,-6.588,1,0.0392,140.034,0.869,Throwaway (with Clairo),SG Lewis
0.934,0.313,0.286,0.0451,10,0.0974,-10.593,1,0.0324,80.925,0.287,Somewhere Only We Know,Lily Allen
0.302,0.745,0.481,3.67e-06,2,0.0808,-8.291,1,0.054,137.001,0.229,Easy Love,Lauv
0.71,0.179,0.385,0.874,4,0.069,-12.791,1,0.0538,81.887,0.125,One Shot,Alan Silvestri
0.947,0.0782,0.00745,0.475,0,0.0696,-31.538,1,0.0429,81.85,0.0379,Snap Out of It,Alan Silvestri
0.695,0.218,0.295,0.738,8,0.164,-10.61,1,0.0312,129.925,0.0804,Death and All His Friends,Coldplay
0.906,0.147,0.0168,0.769,7,0.108,-31.023,0,0.0426,138.679,0.0336,Totally Fine,Alan Silvestri
0.909,0.109,0.00665,0.0334,3,0.128,-32.744,1,0.0398,69.687,0.036,I Figured It Out,Alan Silvestri
0.622,0.0818,0.0573,0.0161,1,0.0807,-23.183,1,0.0462,171.189,0.0332,Go Ahead,Alan Silvestri
0.0243,0.464,0.713,6.24e-06,2,0.566,-4.046,1,0.0305,78.008,0.537,First,Cold War Kids
0.774,0.174,0.0609,0.774,0,0.137,-24.986,1,0.0393,78.244,0.0396,Whatever It Takes,Alan Silvestri
0.845,0.183,0.0932,0.917,5,0.0501,-23.573,1,0.0428,63.379,0.037,The Measure of a Hero,Alan Silvestri
0.71,0.577,0.435,0.0,5,0.141,-6.375,0,0.0384,74.144,0.289,No Not You,K. Michelle
0.375,0.638,0.345,0.0,5,0.116,-9.048,0,0.0744,85.455,0.311,Spirit,Majid Jordan
0.735,0.796,0.415,0.0,7,0.0824,-10.986,0,0.0718,125.971,0.212,Alone,Yo Trane
0.17,0.687,0.641,0.0,11,0.111,-5.814,1,0.03,120.04,0.663,To a T,Ryan Hurd
0.77,0.634,0.31,0.0,7,0.112,-8.885,1,0.0286,114.844,0.223,Hurricane,The Aces
0.693,0.47,0.221,0.0,5,0.104,-9.243,1,0.0371,133.714,0.264,Never Not,Lauv
0.733,0.649,0.548,0.0,1,0.136,-5.692,0,0.0318,150.036,0.506,Let Me Down Slowly,Alec Benjamin
0.697,0.553,0.586,0.0,11,0.0813,-6.319,1,0.0362,126.684,0.443,Be Alright,Dean Lewis
0.128,0.74,0.533,0.0,7,0.0837,-6.083,1,0.0398,94.977,0.568,New Eyes,Nicklas Sahl
0.964,0.7,0.175,4.29e-06,10,0.109,-7.954,1,0.0359,107.716,0.205,Paradise,Jeremih
0.249,0.642,0.657,0.0,10,0.111,-5.246,1,0.0333,90.0,0.658,Happy & Sad,Kacey Musgraves
0.597,0.695,0.42,0.0222,7,0.0839,-7.735,1,0.0385,124.019,0.257,Brakelights,Omar Apollo
0.734,0.399,0.235,1.56e-06,5,0.161,-9.774,1,0.0334,105.645,0.197,Happiness,Rex Orange County
0.353,0.68,0.747,0.0,4,0.138,-6.056,0,0.091,113.933,0.331,Fantasy,Alina Baraz
0.227,0.804,0.522,0.000171,9,0.077,-7.319,0,0.0485,134.168,0.243,DGAF,Noah Slee
0.238,0.75,0.502,0.0,10,0.106,-7.184,1,0.31,82.54,0.301,Bad Idea (feat. Chance the Rapper),YBN Cordae
0.901,0.228,0.0497,0.595,10,0.0632,-28.699,1,0.0462,108.402,0.0889,"Nocturne-serenade, Op. 45",Pablo de Sarasate
0.845,0.335,0.104,0.415,2,0.0953,-26.097,1,0.0461,94.642,0.302,"Hungarian Fantasy, Op. 45",Franz Lehár
0.659,0.532,0.495,0.0,10,0.0754,-6.662,1,0.0343,124.936,0.308,Vienna,Billy Joel
0.726,0.445,0.224,0.00015,10,0.119,-12.423,1,0.0296,109.445,0.255,She - Remastered Version,Gram Parsons
0.256,0.461,0.296,1.81e-05,7,0.0871,-11.496,1,0.026,137.252,0.303,Love Hurts - Remastered Version,Gram Parsons
0.929,0.383,0.232,5.06e-06,5,0.102,-11.247,0,0.0708,75.816,0.155,All We've Done (Lost Recording #9),Mark Diamond
0.781,0.365,0.295,5.39e-05,0,0.113,-12.753,1,0.0353,149.995,0.0594,Soft Gentle Brilliant II,Corey Kilgannon
0.349,0.349,0.499,0.756,6,0.127,-6.832,1,0.029,113.476,0.115,Don't Keep Driving,The Paper Kites
0.928,0.425,0.229,0.000185,2,0.121,-12.11,1,0.0332,94.505,0.297,Olivia (Bonus Track),Canyon City
0.816,0.511,0.363,0.0317,4,0.084,-7.65,0,0.041,144.892,0.169,ocean eyes,Billie Eilish
0.912,0.127,0.0355,0.594,7,0.119,-28.803,0,0.0447,65.659,0.0834,Porch,Alan Silvestri
0.642,0.503,0.536,0.00143,4,0.111,-7.229,1,0.0259,90.966,0.21,"Oh, What A World",Kacey Musgraves
0.718,0.447,0.429,0.0163,1,0.105,-7.36,1,0.028,116.521,0.074,Space Cowboy,Kacey Musgraves
0.11,0.669,0.653,1.58e-05,11,0.0826,-5.675,1,0.0269,104.995,0.528,Wonder Woman,Kacey Musgraves
0.0952,0.611,0.555,0.0,6,0.11,-6.372,0,0.0274,88.969,0.413,Golden Hour,Kacey Musgraves
0.587,0.572,0.406,4.48e-06,10,0.102,-8.624,1,0.0427,119.812,0.265,Moral of the Story,Ashe
0.206,0.693,0.664,0.0,7,0.124,-5.352,1,0.0793,96.13,0.542,Rewind,Louis Futon
0.809,0.184,0.0565,0.902,7,0.302,-18.019,1,0.0411,130.317,0.037,The Real Hero,Alan Silvestri
0.907,0.402,0.151,0.0,4,0.0941,-14.227,0,0.0395,144.293,0.483,Break My Heart Again,FINNEAS
0.631,0.803,0.42,0.0,8,0.252,-8.123,1,0.282,91.949,0.693,imagine if (feat. ruth b.),gnash
0.489,0.695,0.695,0.00019,2,0.131,-6.612,1,0.0706,100.021,0.468,Stay With Me,ayokay
0.742,0.793,0.276,0.00967,7,0.142,-13.811,1,0.307,169.995,0.175,Autumn Leaves Fall,Joey Howard
0.784,0.789,0.49,0.000598,2,0.112,-6.588,1,0.0392,140.034,0.869,Throwaway (with Clairo),SG Lewis
0.934,0.313,0.286,0.0451,10,0.0974,-10.593,1,0.0324,80.925,0.287,Somewhere Only We Know,Lily Allen
0.302,0.745,0.481,3.67e-06,2,0.0808,-8.291,1,0.054,137.001,0.229,Easy Love,Lauv
0.71,0.179,0.385,0.874,4,0.069,-12.791,1,0.0538,81.887,0.125,One Shot,Alan Silvestri
0.947,0.0782,0.00745,0.475,0,0.0696,-31.538,1,0.0429,81.85,0.0379,Snap Out of It,Alan Silvestri
0.695,0.218,0.295,0.738,8,0.164,-10.61,1,0.0312,129.925,0.0804,Death and All His Friends,Coldplay
0.906,0.147,0.0168,0.769,7,0.108,-31.023,0,0.0426,138.679,0.0336,Totally Fine,Alan Silvestri
0.909,0.109,0.00665,0.0334,3,0.128,-32.744,1,0.0398,69.687,0.036,I Figured It Out,Alan Silvestri
0.622,0.0818,0.0573,0.0161,1,0.0807,-23.183,1,0.0462,171.189,0.0332,Go Ahead,Alan Silvestri
0.0243,0.464,0.713,6.24e-06,2,0.566,-4.046,1,0.0305,78.008,0.537,First,Cold War Kids
0.774,0.174,0.0609,0.774,0,0.137,-24.986,1,0.0393,78.244,0.0396,Whatever It Takes,Alan Silvestri
0.845,0.183,0.0932,0.917,5,0.0501,-23.573,1,0.0428,63.379,0.037,The Measure of a Hero,Alan Silvestri
0.71,0.577,0.435,0.0,5,0.141,-6.375,0,0.0384,74.144,0.289,No Not You,K. Michelle
0.375,0.638,0.345,0.0,5,0.116,-9.048,0,0.0744,85.455,0.311,Spirit,Majid Jordan
0.735,0.796,0.415,0.0,7,0.0824,-10.986,0,0.0718,125.971,0.212,Alone,Yo Trane
0.17,0.687,0.641,0.0,11,0.111,-5.814,1,0.03,120.04,0.663,To a T,Ryan Hurd
0.77,0.634,0.31,0.0,7,0.112,-8.885,1,0.0286,114.844,0.223,Hurricane,The Aces
0.693,0.47,0.221,0.0,5,0.104,-9.243,1,0.0371,133.714,0.264,Never Not,Lauv
0.733,0.649,0.548,0.0,1,0.136,-5.692,0,0.0318,150.036,0.506,Let Me Down Slowly,Alec Benjamin
0.697,0.553,0.586,0.0,11,0.0813,-6.319,1,0.0362,126.684,0.443,Be Alright,Dean Lewis
0.128,0.74,0.533,0.0,7,0.0837,-6.083,1,0.0398,94.977,0.568,New Eyes,Nicklas Sahl
0.964,0.7,0.175,4.29e-06,10,0.109,-7.954,1,0.0359,107.716,0.205,Paradise,Jeremih
0.249,0.642,0.657,0.0,10,0.111,-5.246,1,0.0333,90.0,0.658,Happy & Sad,Kacey Musgraves
0.597,0.695,0.42,0.0222,7,0.0839,-7.735,1,0.0385,124.019,0.257,Brakelights,Omar Apollo
0.635,0.54,0.439,1.93e-05,10,0.0993,-8.591,1,0.115,167.908,0.371,Saturday Nights,Khalid
0.186,0.601,0.59,0.0,2,0.0942,-5.001,1,0.0569,151.952,0.274,Rich & Sad,Post Malone
0.19,0.625,0.54,0.0,9,0.976,-9.472,1,0.114,80.013,0.489,Bye Bye,Cro
0.0746,0.758,0.675,1.32e-06,7,0.167,-6.49,0,0.0845,148.093,0.491,Our Time,Russ
0.334,0.731,0.588,0.0,3,0.278,-5.217,1,0.0749,80.019,0.449,Always Been You,Quinn XCII
0.651,0.864,0.493,0.00518,8,0.151,-7.718,1,0.198,104.942,0.774,All That Talk,Mike Stud
0.893,0.767,0.512,0.000223,6,0.103,-6.777,1,0.0591,123.921,0.489,Shot Down,Khalid
0.26,0.812,0.472,0.0,1,0.285,-6.806,0,0.0603,92.951,0.457,Flare Guns,Quinn XCII
0.57,0.73,0.494,0.0,10,0.158,-6.402,1,0.0565,86.732,0.561,Panama,Quinn XCII
0.101,0.678,0.575,9.38e-06,1,0.116,-7.086,1,0.123,100.007,0.367,Winter,Khalid
0.483,0.79,0.49,0.0,5,0.201,-5.097,1,0.0942,140.202,0.577,Iron & Steel,Quinn XCII
0.0404,0.654,0.64,3.2e-05,3,0.117,-11.063,0,0.377,139.914,0.655,The Odyssey,Flatbush Zombies
0.0113,0.628,0.618,0.0,5,0.109,-8.4,0,0.313,110.007,0.362,Bounce,Flatbush Zombies
0.139,0.785,0.511,0.000214,6,0.657,-12.335,1,0.211,105.639,0.484,A Spike Lee Joint (feat. Anthony Flammia),Flatbush Zombies
0.0399,0.707,0.256,0.156,1,0.108,-13.872,1,0.0397,89.99,0.0652,Fly Away,Flatbush Zombies
0.43,0.37,0.534,5.25e-05,6,0.105,-12.224,1,0.0746,59.672,0.217,Ascension,Flatbush Zombies
0.673,0.709,0.324,3.79e-06,5,0.109,-15.954,0,0.247,99.974,0.118,Smoke Break (Interlude),Flatbush Zombies
0.0353,0.859,0.445,0.0,2,0.16,-9.161,1,0.363,140.045,0.147,Trade-Off,Flatbush Zombies
0.109,0.734,0.389,0.000515,1,0.0947,-9.999,1,0.06,135.151,0.398,Good Grief (feat. Diamante),Flatbush Zombies
0.278,0.843,0.506,6.34e-06,11,0.129,-11.312,1,0.285,122.448,0.441,"New Phone, Who Dis?",Flatbush Zombies
0.136,0.594,0.416,0.0,2,0.174,-10.474,1,0.325,139.935,0.405,This Is It,Flatbush Zombies
0.898,0.483,0.615,5.75e-05,1,0.102,-10.245,1,0.454,78.403,0.547,Your Favorite Rap Song,Flatbush Zombies
0.6,0.579,0.642,3.52e-05,8,0.214,-7.37,1,0.244,97.32,0.3,GOOD MORNING AMERIKKKA,Joey Bada$$
0.466,0.734,0.649,0.0,8,0.116,-6.235,0,0.313,95.1,0.158,LAND OF THE FREE,Joey Bada$$
0.166,0.553,0.877,0.0,7,0.0481,-4.694,0,0.371,166.242,0.557,ROCKABYE BABY (feat. ScHoolboy Q),Joey Bada$$
0.378,0.729,0.79,0.0,1,0.119,-4.989,1,0.198,92.081,0.876,SUPER PREDATOR (feat. Styles P),Joey Bada$$
0.555,0.505,0.695,0.0,10,0.326,-4.8,1,0.332,173.468,0.393,BABYLON (feat. Chronixx),Joey Bada$$
0.198,0.722,0.654,5.73e-06,11,0.0891,-5.419,0,0.173,81.984,0.418,LEGENDARY (feat. J. Cole),Joey Bada$$
0.797,0.53,0.626,2.27e-06,7,0.22,-7.583,0,0.301,97.035,0.448,AMERIKKKAN IDOL,Joey Bada$$
0.00363,0.701,0.755,0.000795,2,0.121,-5.82,1,0.0417,95.036,0.116,What's Up Danger (with Black Caviar),Blackway
0.556,0.76,0.479,0.0,2,0.0703,-5.574,1,0.0466,89.911,0.913,Sunflower - Spider-Man: Into the Spider-Verse,Post Malone
0.0166,0.766,0.881,2.3e-06,9,0.347,-5.158,0,0.137,112.027,0.674,"Familia (with Anuel Aa, feat. Bantu) - Spider-Man: Into the Spider-Verse",Nicki Minaj
0.141,0.724,0.6,0.000218,10,0.104,-4.391,0,0.29,86.984,0.466,Invincible,Aminé
0.0128,0.728,0.727,0.0,2,0.0882,-3.585,1,0.206,143.144,0.89,Start a Riot,Duckwrth
0.0622,0.715,0.639,0.0,5,0.157,-5.017,0,0.0752,149.996,0.151,Hide (feat. Seezyn),Juice WRLD
0.0519,0.567,0.651,0.0,5,0.183,-7.146,0,0.0554,93.989,0.519,Memories,Thutmose
0.00391,0.871,0.751,0.0,6,0.0853,-8.042,0,0.0788,139.984,0.787,Save The Day (feat. Coi Leray & LouGotCash),Ski Mask The Slump God
0.463,0.764,0.725,5.91e-06,7,0.109,-8.812,1,0.0576,100.063,0.0794,Let Go,Beau Young Prince
0.0468,0.443,0.623,0.0,0,0.247,-6.717,0,0.0718,79.365,0.156,Scared of the Dark (feat. XXXTENTACION),Lil Wayne
0.176,0.58,0.935,0.0,6,0.514,-4.847,0,0.293,129.173,0.666,"Elevate (feat. Denzel Curry, YBN Cordae, SwaVay, Trevor Rich)",DJ Khalil
0.00608,0.604,0.736,0.109,10,0.11,-5.596,0,0.0555,118.012,0.345,Home,Vince Staples
0.0948,0.709,0.707,0.0,5,0.0704,-1.868,0,0.269,147.949,0.547,1999,Viceroy
0.489,0.758,0.465,5.21e-05,7,0.116,-6.547,1,0.0374,138.902,0.759,Rosie,John Mayer
0.493,0.442,0.567,0.0,2,0.114,-5.207,1,0.0301,78.998,0.439,Help Me Make It Through the Night (feat. Loren Allred),Michael Bublé
0.836,0.477,0.377,0.0,2,0.117,-6.054,1,0.032,131.593,0.453,Forever Now,Michael Bublé
0.807,0.459,0.267,0.0,0,0.119,-8.948,1,0.0294,63.378,0.342,La vie en rose (feat. Cécile McLorin Salvant),Michael Bublé
0.869,0.693,0.257,0.0,6,0.11,-7.785,1,0.0356,90.012,0.603,Love You Anymore,Michael Bublé
0.718,0.228,0.342,0.0136,0,0.162,-8.038,1,0.0314,115.562,0.0788,When I Fall In Love,Michael Bublé
0.0161,0.848,0.7,0.0,2,0.539,-4.539,1,0.186,150.956,0.651,Around the World,Yo Gotti
0.0347,0.9,0.451,1.29e-05,2,0.11,-6.611,1,0.298,142.081,0.13,Space Jam,Young Dolph
0.0389,0.803,0.638,0.0,10,0.0625,-3.939,0,0.156,92.877,0.436,RUN,Abhi The Nomad
0.122,0.806,0.605,0.0,2,0.0757,-4.901,1,0.274,158.026,0.847,BOOTY,Abhi The Nomad
0.0393,0.743,0.736,0.0,6,0.0491,-6.706,0,0.262,148.033,0.805,LOCK,Abhi The Nomad
0.0259,0.846,0.576,3.31e-05,10,0.123,-7.831,0,0.201,98.002,0.527,FEUD,Abhi The Nomad
0.21,0.836,0.643,0.0,7,0.0829,-7.46,1,0.355,94.237,0.9,FLUSH,Abhi The Nomad
0.022,0.91,0.444,0.0,1,0.137,-8.126,0,0.344,149.953,0.53,Rake It Up,Yo Gotti
0.124,0.802,0.412,0.0,5,0.103,-5.963,0,0.0478,89.546,0.394,Impatient,Jeremih
0.714,0.624,0.504,2.47e-06,8,0.472,-10.421,1,0.148,129.022,0.404,Nite Life,Jahsh Banks
0.711,0.572,0.493,0.686,10,0.0711,-11.277,1,0.0484,91.988,0.0395,At Sea Again,Slime
0.0252,0.806,0.77,0.0,1,0.0645,-6.464,0,0.19,152.094,0.406,Patty Cake,Kodak Black
0.585,0.901,0.352,0.0,2,0.122,-10.038,1,0.0916,111.065,0.199,Skrt,Kodak Black
0.0196,0.882,0.699,0.0,2,0.0469,-5.572,1,0.249,145.008,0.42,Law (feat. E-40),Yo Gotti
0.376,0.374,0.345,3.4e-05,9,0.0534,-10.654,1,0.0344,169.867,0.552,I Shall Be Released,Nina Simone
0.0698,0.874,0.568,1.38e-05,11,0.149,-5.896,0,0.224,139.995,0.46,F*ck Up Some Commas,Future
0.252,0.581,0.838,0.0,7,0.391,-6.779,0,0.196,88.039,0.581,Palm Readers,Marlowe
0.0794,0.717,0.516,0.0,10,0.164,-6.466,0,0.0601,127.026,0.258,No Limit,Usher
0.263,0.609,0.57,1.66e-05,0,0.133,-6.896,1,0.142,149.982,0.211,Everything,Rayana Jay
0.00427,0.762,0.666,0.0,0,0.127,-6.055,1,0.0916,118.97,0.278,Really Really,Kevin Gates
0.89,0.272,0.238,0.00925,2,0.275,-12.148,0,0.0349,83.507,0.119,Come Back to Earth,Mac Miller
0.343,0.69,0.462,0.00218,8,0.113,-8.054,1,0.13,157.655,0.325,Hurt Feelings,Mac Miller
0.736,0.759,0.492,0.00989,1,0.107,-10.338,0,0.12,104.974,0.561,What's the Use?,Mac Miller
0.748,0.599,0.317,0.0,1,0.111,-11.212,1,0.174,148.09,0.203,Perfecto,Mac Miller
0.367,0.52,0.538,0.00187,1,0.119,-8.109,1,0.206,141.894,0.177,Self Care,Mac Miller
0.818,0.656,0.33,0.00386,8,0.107,-8.771,1,0.162,119.057,0.349,Wings,Mac Miller
0.236,0.802,0.463,0.00531,8,0.105,-8.379,1,0.162,103.961,0.291,Ladders,Mac Miller
0.814,0.516,0.546,4.5e-06,5,0.0995,-9.105,1,0.249,78.267,0.515,Small Worlds,Mac Miller
0.64,0.787,0.472,5.22e-05,6,0.11,-10.032,0,0.113,144.998,0.264,Conversation Pt. 1,Mac Miller
0.768,0.622,0.229,0.00906,1,0.134,-11.322,1,0.0445,81.87,0.0998,Dunno,Mac Miller
0.54,0.791,0.557,0.0,7,0.103,-9.622,0,0.0698,119.973,0.284,Jet Fuel,Mac Miller
0.77,0.533,0.496,0.000164,6,0.0969,-9.363,0,0.517,155.158,0.173,2009,Mac Miller
0.812,0.576,0.556,0.125,0,0.0943,-6.474,1,0.231,148.173,0.294,So It Goes,Mac Miller
0.705,0.42,0.247,0.00349,2,0.127,-13.37,0,0.036,88.071,0.138,Stand Tall,Childish Gambino
0.547,0.858,0.6,0.00113,2,0.132,-6.677,1,0.063,106.023,0.513,Still Feel Like Your Man,John Mayer
0.771,0.494,0.365,0.000978,11,0.139,-8.92,1,0.0279,165.766,0.191,Emoji of a Wave,John Mayer
0.151,0.761,0.598,0.00259,9,0.0314,-5.838,0,0.0268,103.978,0.937,Helpless,John Mayer
0.623,0.718,0.583,0.000662,7,0.0612,-7.884,1,0.0288,119.97,0.422,Love on the Weekend,John Mayer
0.386,0.546,0.657,1.03e-05,8,0.0983,-6.526,1,0.0255,80.007,0.52,In the Blood,John Mayer
0.587,0.444,0.336,0.00274,0,0.132,-7.778,1,0.0282,183.345,0.392,Changing,John Mayer
0.897,0.595,0.337,0.935,7,0.121,-11.06,1,0.0263,90.973,0.362,"Theme from ""The Search for Everything""",John Mayer
0.591,0.85,0.461,0.0409,6,0.1,-9.018,0,0.0539,94.038,0.628,Moving On and Getting Over,John Mayer
0.73,0.535,0.354,1.24e-05,2,0.138,-8.61,1,0.026,139.889,0.22,Never on the Day You Leave,John Mayer
0.637,0.426,0.295,0.0,5,0.0941,-8.337,1,0.0764,174.379,0.355,Just The Same,Bruno Major
0.926,0.198,0.162,0.00896,1,0.135,-15.815,1,0.0343,70.453,0.0527,Loose,Daniel Caesar
0.787,0.475,0.285,0.00162,10,0.109,-13.93,0,0.117,151.485,0.0902,Worse,Snoh Aalegra
0.932,0.425,0.108,3.8e-06,0,0.126,-11.922,1,0.0475,77.544,0.238,On Our Own,Bruno Major
0.779,0.276,0.358,2.5e-06,9,0.0728,-7.684,1,0.0443,81.977,0.13,Bad Religion,Frank Ocean
0.612,0.686,0.469,0.0,1,0.121,-9.065,1,0.291,72.998,0.156,The Man Who Has Everything,Chance the Rapper
0.0752,0.504,0.705,0.0,6,0.128,-8.205,0,0.364,175.483,0.584,Wet Dreamz,J. Cole
0.48,0.905,0.721,0.0,7,0.528,-6.922,1,0.31,145.958,0.695,Why Not Me,Forrest.
0.288,0.552,0.433,0.0,0,0.0859,-6.805,1,0.052,142.563,0.241,You,Manwolves
0.484,0.555,0.411,0.0,8,0.0674,-9.396,1,0.429,177.006,0.754,Thugz Mansion (N.Y.),Nas
0.326,0.775,0.554,0.0,7,0.108,-6.448,0,0.323,144.047,0.175,Bucket List,Saba
0.314,0.704,0.517,6.36e-06,5,0.174,-7.999,0,0.312,139.857,0.443,SHINE,Aminé
0.632,0.908,0.535,0.0,7,0.214,-8.509,0,0.292,115.016,0.271,Purge,Bas
0.772,0.645,0.364,0.0,6,0.114,-9.699,0,0.429,91.564,0.5,All I Need (feat. Xavier Omär),Noname
0.0456,0.589,0.57,1.51e-06,1,0.137,-9.54,1,0.361,136.203,0.441,OKRA,"Tyler, The Creator"
0.445,0.703,0.331,0.0,8,0.322,-9.72,1,0.514,80.118,0.18,Netflix & Dusse,Smino
0.102,0.716,0.652,0.0,6,0.11,-7.909,0,0.398,109.295,0.494,FRIENDS (feat. kiLL edward),J. Cole
0.185,0.74,0.543,0.0,1,0.372,-7.979,1,0.399,78.198,0.337,The Cut Off (feat. kiLL edward),J. Cole
0.936,0.503,0.0586,0.0,2,0.323,-17.726,1,0.0473,113.26,0.13,Stars (Live at Montreux),Nina Simone
0.284,0.552,0.741,8.2e-05,11,0.334,-5.419,0,0.0542,69.709,0.718,Beauty & Essex (feat. Daniel Caesar & Unknown Mortal Orchestra),Free Nationals
0.185,0.499,0.516,0.0215,9,0.11,-10.846,1,0.028,149.886,0.485,Parade,Kevin Morby
0.522,0.628,0.417,0.0,0,0.184,-10.434,0,0.711,114.578,0.483,Ups & Downs,KYLE
0.255,0.566,0.898,0.0,7,0.189,-4.999,0,0.298,80.583,0.382,TAPE,BROCKHAMPTON
0.86,0.358,0.145,0.000142,10,0.106,-19.377,1,0.0331,73.161,0.22,Bein' Green,Frank Sinatra
0.161,0.522,0.46,0.00209,11,0.0726,-7.781,1,0.0275,125.971,0.378,Out Like a Light,The Honeysticks
0.141,0.744,0.528,0.0,1,0.243,-6.649,1,0.0283,129.907,0.802,Disaster,D.A. Wallach
0.637,0.596,0.393,0.0,8,0.539,-8.714,1,0.383,107.425,0.36,Ultralight Beam,Kanye West
0.374,0.665,0.417,0.0,1,0.186,-6.731,0,0.524,110.111,0.04,Violent Crimes,Kanye West
0.527,0.798,0.556,0.000353,11,0.0959,-8.597,1,0.0303,109.994,0.627,Lover Boy,Phum Viphurit
0.791,0.544,0.281,0.0,5,0.11,-8.506,0,0.0541,134.553,0.236,These Days,Manwolves
0.656,0.885,0.595,4.42e-06,7,0.105,-5.487,1,0.286,148.034,0.754,Herside Story,GoldLink
0.566,0.851,0.337,8.43e-06,2,0.0917,-8.437,1,0.0925,101.965,0.834,Coffee for Two,Sam Stan
0.947,0.679,0.376,0.0,1,0.115,-12.39,1,0.395,123.352,0.321,September 16,Russ
0.82,0.573,0.324,0.0,9,0.0618,-10.999,0,0.039,100.416,0.434,One for My Baby (And One More for the Road),Tony Bennett
0.684,0.431,0.334,2.89e-06,6,0.119,-7.645,1,0.0313,137.021,0.658,On an Evening in Roma (Sott'er Celo de Roma),Michael Bublé
0.896,0.734,0.222,0.0,5,0.343,-17.287,1,0.229,106.946,0.62,Ultimately,khai dreams
0.508,0.76,0.559,0.0,11,0.367,-7.274,0,0.499,74.954,0.48,All I Need,khai dreams
0.159,0.802,0.312,0.226,8,0.126,-17.272,1,0.0389,106.676,0.503,Daydreamer,khai dreams
0.739,0.52,0.268,0.177,1,0.0718,-15.199,1,0.0407,119.856,0.273,Drifting Away,khai dreams
0.545,0.774,0.281,0.0249,4,0.105,-12.527,1,0.0404,140.086,0.341,Do You Wonder,khai dreams
0.715,0.35,0.43,0.0,7,0.299,-13.14,1,0.131,169.908,0.203,Fantasy,khai dreams
0.821,0.586,0.384,0.000524,8,0.0741,-16.529,1,0.246,140.006,0.647,Summer Is Like a Dream,khai dreams
0.383,0.852,0.424,0.0,6,0.0843,-9.308,1,0.0463,94.934,0.591,Through and Through,khai dreams
0.325,0.828,0.689,0.0384,7,0.0808,-7.878,1,0.0326,123.931,0.853,New Light,John Mayer
0.0428,0.549,0.73,0.0,2,0.142,-8.938,1,0.58,157.164,0.654,R.I.P.C.D.,Flatbush Zombies
0.0984,0.611,0.449,0.0,2,0.226,-8.938,0,0.294,166.179,0.224,Tell Me Why,Russ
0.325,0.706,0.566,0.0,1,0.137,-10.428,0,0.457,82.692,0.644,Faded in the Moment,Domo Genesis
0.133,0.728,0.607,0.0,1,0.0864,-8.417,0,0.132,129.938,0.445,Crew (feat. Brent Faiyaz & Shy Glizzy),GoldLink
0.0355,0.782,0.633,0.0,8,0.0615,-4.644,1,0.341,150.055,0.749,Wow Freestyle (feat. Kendrick Lamar),Jay Rock
0.034,0.846,0.809,0.0,2,0.151,-3.619,1,0.287,85.011,0.267,Wala Cam,Chance the Rapper
0.0394,0.792,0.555,6.39e-06,0,0.107,-7.038,1,0.34,99.954,0.084,65th & Ingleside,Chance the Rapper
0.492,0.678,0.659,0.0,1,0.106,-4.694,1,0.312,173.988,0.675,Work Out,Chance the Rapper
0.177,0.514,0.693,0.0,9,0.351,-5.868,1,0.408,110.568,0.287,I Might Need Security,Chance the Rapper
0.0404,0.722,0.663,0.0,5,0.108,-4.652,0,0.436,160.106,0.81,The Stakeout,Russ
0.254,0.595,0.578,0.0,1,0.37,-10.715,1,0.581,81.613,0.368,The Glory (feat. Denzel Curry),Flatbush Zombies
0.0463,0.817,0.45,0.0,6,0.0774,-5.557,1,0.21,90.104,0.769,Blinds,Aminé
0.465,0.619,0.437,0.00609,7,0.0971,-11.756,1,0.0314,89.511,0.406,Stop This Train,John Mayer
0.983,0.538,0.131,0.00522,7,0.156,-14.104,1,0.0316,136.149,0.32,You're Gonna Live Forever in Me,John Mayer
0.961,0.451,0.0531,0.682,0,0.102,-18.353,1,0.0417,72.708,0.124,A Whiter Shade Of Pale - Recorded at Spotify Studios NYC,Rhye
0.597,0.543,0.298,1.49e-06,0,0.0804,-9.167,1,0.0683,125.523,0.254,Grey Luh,Berhana
0.0693,0.633,0.51,1.11e-05,8,0.0928,-12.339,0,0.365,89.023,0.672,I Love You More,Noname
0.765,0.572,0.209,0.0,8,0.356,-10.413,1,0.0313,80.069,0.446,Self Control,Frank Ocean
0.713,0.697,0.409,0.0,3,0.166,-9.304,1,0.23,64.042,0.441,Sundays,Aminé
0.228,0.57,0.576,0.0,1,0.33,-6.792,1,0.0631,143.943,0.438,Happy Without Me,Chloe x Halle
0.181,0.765,0.542,0.0,11,0.0844,-7.529,0,0.303,132.282,0.627,Never Change (feat. Sneaky Beanz),B.Keyz
0.378,0.566,0.717,0.0,0,0.0959,-8.854,0,0.272,94.114,0.559,May 10th 2012,QuESt
0.101,0.664,0.675,0.0,1,0.0969,-4.684,1,0.441,155.914,0.808,twenty eighteen.,nobigdyl.
0.401,0.728,0.415,0.0,8,0.0616,-6.852,1,0.0639,114.145,0.455,Issues,Julia Michaels
0.519,0.61,0.641,0.0,9,0.902,-4.352,0,0.268,67.413,0.852,Champagne and Pools (feat. Blackbear & Kyle),Hoodie Allen
0.255,0.606,0.695,0.0,1,0.356,-7.156,1,0.398,78.971,0.797,Sing My Song,B.Keyz
0.969,0.235,0.144,0.941,5,0.0646,-20.713,0,0.0381,78.002,0.0396,"Piano Concerto No. 2 in C Minor, Op. 18: III. Allegro scherzando",Sergei Rachmaninoff
0.975,0.107,0.023,0.893,4,0.0732,-28.564,1,0.0415,74.848,0.0373,"Piano Concerto No. 2 in C Minor, Op. 18: II. Adagio sostenuto",Sergei Rachmaninoff
0.972,0.124,0.106,0.919,0,0.0802,-22.245,0,0.0394,78.658,0.0456,"Piano Concerto No. 2 in C Minor, Op. 18: I. Moderato",Sergei Rachmaninoff
0.267,0.584,0.509,0.00252,2,0.36,-13.109,1,0.0287,90.457,0.367,Who Says,John Mayer
0.0227,0.623,0.746,0.0,7,0.144,-5.174,1,0.317,78.776,0.507,Milk N' Honey,Anderson .Paak
0.873,0.435,0.155,0.0,1,0.107,-8.948,1,0.046,128.532,0.0935,Jealous,Labrinth
0.484,0.504,0.384,4.2e-05,0,0.33,-9.472,1,0.0346,122.306,0.209,New York State of Mind,Billy Joel
0.955,0.313,0.078,4.48e-06,0,0.169,-17.583,1,0.0332,128.065,0.125,(I Left My Heart) In San Francisco,Tony Bennett
0.42,0.927,0.551,0.0346,9,0.298,-6.624,0,0.0921,123.042,0.665,Disco Yes,Tom Misch
0.761,0.302,0.225,0.0151,4,0.11,-14.08,1,0.0313,97.418,0.0449,Man Like You,Tom Misch
0.477,0.666,0.537,0.0208,8,0.0656,-10.467,1,0.249,93.002,0.653,Water Baby,Tom Misch
0.572,0.785,0.394,0.000801,4,0.111,-8.01,1,0.0392,100.002,0.131,You're On My Mind,Tom Misch
0.0126,0.836,0.678,0.00205,5,0.369,-8.206,0,0.099,116.02,0.633,Cos I Love You,Tom Misch
0.0593,0.569,0.409,0.296,2,0.0971,-10.612,1,0.0396,118.028,0.0948,We've Come So Far,Tom Misch
0.361,0.839,0.536,0.922,2,0.0879,-10.304,0,0.0682,115.03,0.124,Tick Tock,Tom Misch
0.205,0.802,0.607,0.000748,11,0.246,-11.028,0,0.289,96.916,0.274,It Runs Through Me,Tom Misch
0.391,0.785,0.379,0.0161,7,0.267,-11.446,1,0.0732,122.043,0.182,Movie,Tom Misch
0.0957,0.845,0.57,0.414,0,0.0813,-8.441,1,0.0802,113.003,0.466,South of the River,Tom Misch
0.364,0.788,0.711,2.07e-05,1,0.0838,-7.811,0,0.0597,104.149,0.802,Lost in Paris,Tom Misch
0.711,0.714,0.373,0.0373,6,0.134,-12.269,0,0.234,103.967,0.082,Before Paris,Tom Misch
0.986,0.411,0.113,0.857,2,0.109,-13.734,0,0.0464,47.338,0.594,The Sweet Science,Vulfpeck
0.156,0.751,0.713,9.59e-05,1,0.0508,-7.333,1,0.0544,100.856,0.906,Animal Spirits,Vulfpeck
0.177,0.678,0.392,0.0045,0,0.0839,-11.328,1,0.274,171.274,0.706,1612,Vulfpeck
0.478,0.839,0.585,0.00281,2,0.0435,-7.738,1,0.153,89.821,0.89,Back Pocket,Vulfpeck
0.466,0.81,0.536,0.00074,10,0.0401,-11.573,1,0.0583,97.311,0.957,The Rubberband Man,The Spinners
0.224,0.469,0.78,0.0,10,0.13,-6.49,0,0.122,125.999,0.444,A$AP Forever,A$AP Rocky
0.957,0.532,0.121,0.0,7,0.124,-14.874,0,0.0509,132.286,0.453,Into Each Life Some Rain Must Fall,Ella Fitzgerald
0.434,0.639,0.264,0.0,2,0.251,-13.212,0,0.0339,113.772,0.379,All I Need Is The Girl,Frank Sinatra
0.472,0.438,0.539,0.598,5,0.0682,-9.444,1,0.0345,171.281,0.696,Basie - Straight Ahead,Count Basie
0.947,0.204,0.151,9.15e-06,2,0.321,-17.842,1,0.0418,91.783,0.134,Someone to Watch Over Me,Frank Sinatra
0.953,0.222,0.0653,0.000611,3,0.125,-19.459,1,0.0447,76.828,0.211,Why Try To Change Me Now? - Remastered,Frank Sinatra
0.329,0.736,0.41,0.0,5,0.15,-8.168,1,0.225,149.767,0.362,Beach Boy,Aminé
0.469,0.611,0.454,1.52e-06,0,0.189,-7.436,0,0.201,93.004,0.444,"Shadow Man (feat. Phoelix, Smino & Saba)",Noname
0.749,0.809,0.51,1.68e-06,0,0.076,-10.565,1,0.183,123.013,0.29,Straight from the Bottom,Taylor Bennett
0.35,0.918,0.684,3.16e-06,11,0.0907,-9.208,0,0.285,140.077,0.774,Amen,Rich Brian
0.442,0.739,0.405,0.211,0,0.158,-10.897,1,0.0852,157.09,0.127,Nightmare,Offset
0.273,0.746,0.749,0.0,1,0.094,-7.875,1,0.5,113.241,0.658,Pieces (feat. 50 Cent),Tory Lanez
0.101,0.859,0.573,0.0,7,0.0922,-6.24,1,0.387,150.003,0.4,Car Sick (feat. NAV & Metro Boomin),Gunna
0.00664,0.496,0.554,0.0,1,0.111,-8.487,1,0.365,80.0,0.328,U&I (feat. Dia),Flatbush Zombies
0.618,0.867,0.414,0.0,2,0.121,-9.262,1,0.168,120.026,0.355,Don't You,Quinn XCII
0.153,0.838,0.546,0.0,5,0.0656,-6.811,0,0.295,137.027,0.745,Straightjacket,Quinn XCII
0.97,0.495,0.142,1.93e-06,11,0.113,-16.186,0,0.0436,75.859,0.196,She's Got a Way,Billy Joel
0.16,0.824,0.47,0.0,1,0.15,-7.459,0,0.176,134.922,0.437,STFU,mansionz
0.109,0.922,0.622,0.0,0,0.162,-4.509,1,0.203,134.941,0.821,On Me,Quality Control
0.836,0.754,0.518,0.0,0,0.461,-8.521,1,0.321,114.18,0.423,Innamission,Smino
0.0672,0.929,0.723,0.0,11,0.346,-5.792,0,0.109,125.022,0.458,Bodak Yellow,Cardi B
0.721,0.402,0.187,0.000113,7,0.0714,-14.209,1,0.0368,136.789,0.199,Downtown Train,Everything But The Girl
0.652,0.388,0.338,3.72e-06,10,0.248,-10.054,1,0.0328,177.784,0.477,Mr. Blue Sky,Electric Light Orchestra
0.817,0.302,0.475,2.07e-05,0,0.322,-11.729,1,0.156,83.897,0.212,"Dancing in the Rain (feat. Donnie Trumpet, Brandon Fox & Shay Lewis)",Taylor Bennett
0.987,0.117,0.106,0.738,0,0.227,-20.801,0,0.0491,77.287,0.172,"Bach: Violin Sonata No. 1 in G Minor, BWV 1001: I. Adagio",Johann Sebastian Bach
0.989,0.348,0.129,0.374,7,0.0711,-15.377,0,0.0521,75.595,0.493,"Bach: Violin Sonata No. 1 in G Minor, BWV 1001: II. Fuga (Allegro)",Johann Sebastian Bach
0.992,0.222,0.0613,0.512,10,0.583,-19.237,1,0.0454,83.89,0.392,"Bach: Violin Sonata No. 1 in G Minor, BWV 1001: III. Siciliana",Johann Sebastian Bach
0.989,0.353,0.261,0.748,7,0.17,-17.247,0,0.0524,94.467,0.812,"Bach: Violin Sonata No. 1 in G Minor, BWV 1001: IV. Presto",Johann Sebastian Bach
0.992,0.169,0.115,0.725,11,0.28,-17.319,0,0.0573,54.523,0.337,"Bach: Violin Partita No. 1 in B Minor, BWV 1002: I. Allemanda",Johann Sebastian Bach
0.994,0.286,0.043,0.742,11,0.314,-22.54,0,0.0875,142.563,0.875,"Bach: Violin Partita No. 1 in B Minor, BWV 1002: II. Double",Johann Sebastian Bach
0.995,0.383,0.0784,0.0346,11,0.142,-22.347,0,0.0635,155.296,0.942,"Bach: Violin Partita No. 1 in B Minor, BWV 1002: III. Courante",Johann Sebastian Bach
0.988,0.335,0.29,0.704,11,0.205,-19.153,0,0.0439,143.616,0.956,"Bach: Violin Partita No. 1 in B Minor, BWV 1002: IV. Double (Presto)",Johann Sebastian Bach
0.993,0.205,0.12,0.289,11,0.102,-16.318,0,0.0443,102.971,0.293,"Bach: Violin Partita No. 1 in B Minor, BWV 1002: V. Sarabande",Johann Sebastian Bach
0.995,0.333,0.101,0.0713,11,0.133,-18.176,0,0.0633,142.056,0.883,"Bach: Violin Partita No. 1 in B Minor, BWV 1002: VI. Double",Johann Sebastian Bach
0.992,0.529,0.142,0.106,11,0.0735,-14.839,0,0.0555,85.233,0.831,"Bach: Violin Partita No. 1 in B Minor, BWV 1002: VII. Tempo di Bourrée",Johann Sebastian Bach
0.994,0.334,0.198,0.37,11,0.12,-16.803,0,0.0699,92.363,0.962,"Bach: Violin Partita No. 1 in B Minor, BWV 1002: VIII. Double",Johann Sebastian Bach
0.989,0.134,0.0833,0.0174,9,0.0686,-20.084,0,0.0449,83.173,0.265,"Bach: Violin Sonata No. 2 in A Minor, BWV 1003: I. Grave",Johann Sebastian Bach
0.99,0.288,0.11,0.000435,9,0.0614,-15.249,0,0.0544,71.969,0.633,"Bach: Violin Sonata No. 2 in A Minor, BWV 1003: II. Fuga",Johann Sebastian Bach
0.986,0.149,0.0497,0.0499,0,0.0765,-21.283,1,0.0487,181.191,0.28,"Bach: Violin Sonata No. 2 in A Minor, BWV 1003: III. Andante",Johann Sebastian Bach
0.993,0.368,0.206,0.00133,9,0.0512,-16.294,0,0.0702,89.586,0.937,"Bach: Violin Sonata No. 2 in A Minor, BWV 1003: IV. Allegro",Johann Sebastian Bach
0.991,0.308,0.0945,0.0474,7,0.0712,-18.918,0,0.0649,114.188,0.614,"Bach: Violin Partita No. 2 in D Minor, BWV 1004: I. Allemande",Johann Sebastian Bach
0.993,0.293,0.0928,0.048,7,0.0742,-17.937,0,0.0574,92.404,0.787,"Bach: Violin Partita No. 2 in D Minor, BWV 1004: II. Courante",Johann Sebastian Bach
0.993,0.257,0.0858,0.363,2,0.253,-19.554,0,0.0407,98.194,0.246,"Bach: Violin Partita No. 2 in D Minor, BWV 1004: III. Sarabande",Johann Sebastian Bach
0.988,0.422,0.272,0.295,7,0.147,-17.375,0,0.0547,129.928,0.862,"Bach: Violin Partita No. 2 in D Minor, BWV 1004: IV. Gigue",Johann Sebastian Bach
0.991,0.245,0.109,0.744,2,0.127,-18.066,1,0.045,101.702,0.209,"Bach: Violin Partita No. 2 in D Minor, BWV 1004: V. Chaconne",Johann Sebastian Bach
0.984,0.0765,0.128,0.143,0,0.0794,-19.656,1,0.0465,66.596,0.103,"Bach: Violin Sonata No. 3 in C Major, BWV 1005: I. Adagio",Johann Sebastian Bach
0.986,0.244,0.122,0.000744,0,0.168,-15.955,1,0.0514,54.659,0.673,"Bach: Violin Sonata No. 3 in C Major, BWV 1005: II. Fuga",Johann Sebastian Bach
0.988,0.252,0.0612,0.00153,5,0.0935,-20.676,1,0.0579,128.757,0.458,"Bach: Violin Sonata No. 3 in C Major, BWV 1005: III. Largo",Johann Sebastian Bach
0.982,0.448,0.242,0.121,0,0.0743,-17.555,1,0.0561,123.208,0.899,"Bach: Violin Sonata No. 3 in C Major, BWV 1005: IV. Allegro assai",Johann Sebastian Bach
0.986,0.373,0.273,0.939,9,0.109,-16.69,1,0.053,131.34,0.869,"Bach: Violin Partita No. 3 in E Major, BWV 1006: I. Preludio",Johann Sebastian Bach
0.991,0.254,0.0493,0.599,1,0.0815,-20.462,0,0.0441,100.745,0.303,"Bach: Violin Partita No. 3 in E Major, BWV 1006: II. Loure",Johann Sebastian Bach
0.993,0.368,0.0684,0.107,4,0.208,-17.812,1,0.0547,146.771,0.799,"Bach: Violin Partita No. 3 in E Major, BWV 1006: III. Gavotte en Rondeau",Johann Sebastian Bach
0.992,0.464,0.0297,0.391,1,0.0985,-19.814,0,0.0565,127.154,0.819,"Bach: Violin Partita No. 3 in E Major, BWV 1006: IV. Menuet I",Johann Sebastian Bach
0.992,0.378,0.0492,0.745,4,0.111,-19.527,1,0.0514,128.261,0.626,"Bach: Violin Partita No. 3 in E Major, BWV 1006: V. Menuet II",Johann Sebastian Bach
0.993,0.366,0.182,0.126,9,0.0938,-13.627,1,0.0479,80.818,0.962,"Bach: Violin Partita No. 3 in E Major, BWV 1006: VI. Bourrée",Johann Sebastian Bach
0.99,0.46,0.244,0.666,1,0.267,-15.14,0,0.0502,115.786,0.967,"Bach: Violin Partita No. 3 in E Major, BWV 1006: VII. Gigue",Johann Sebastian Bach
0.27,0.709,0.787,0.00114,1,0.296,-2.377,1,0.235,75.986,0.607,Fade Away,Logic
0.255,0.502,0.786,0.0,9,0.65,-4.378,0,0.317,169.021,0.739,"Sucker For Pain (with Wiz Khalifa, Imagine Dragons, Logic & Ty Dolla $ign feat. X Ambassadors)",Lil Wayne
0.0504,0.807,0.693,7.75e-06,11,0.0762,-5.056,1,0.0481,127.035,0.142,Alright,Logic
0.0581,0.772,0.701,0.00159,0,0.106,-6.605,0,0.0724,159.954,0.69,Flexicution,Logic
0.568,0.627,0.572,1.52e-06,5,0.198,-7.738,0,0.0373,100.041,0.361,1-800-273-8255,Logic
0.0137,0.604,0.933,0.0,1,0.37,-3.034,1,0.214,110.029,0.28,BOOGIE,BROCKHAMPTON
0.249,0.835,0.681,0.0,8,0.18,-4.357,1,0.111,113.989,0.687,ZIPPER,BROCKHAMPTON
0.442,0.612,0.858,0.0,0,0.205,-5.359,0,0.364,80.352,0.869,JOHNNY,BROCKHAMPTON
0.423,0.639,0.631,0.000251,4,0.709,-5.98,0,0.107,140.121,0.531,LIQUID,BROCKHAMPTON
0.117,0.773,0.489,0.0,4,0.163,-6.025,1,0.141,69.985,0.596,STUPID,BROCKHAMPTON
0.462,0.595,0.657,0.000597,1,0.437,-6.498,0,0.183,156.093,0.718,BLEACH,BROCKHAMPTON
0.12,0.721,0.603,0.0,9,0.936,-6.705,1,0.272,75.018,0.405,ALASKA,BROCKHAMPTON
0.163,0.856,0.712,0.0312,1,0.123,-6.355,0,0.0621,128.994,0.774,HOTTIE,BROCKHAMPTON
0.0917,0.378,0.691,2.03e-05,1,0.0557,-7.263,1,0.224,150.134,0.508,SISTER/NATION,BROCKHAMPTON
0.194,0.672,0.452,0.0,0,0.251,-7.947,1,0.0738,82.012,0.514,RENTAL,BROCKHAMPTON
0.474,0.643,0.662,0.0,10,0.237,-7.226,0,0.0993,113.022,0.645,STAINS,BROCKHAMPTON
0.396,0.312,0.73,0.00201,11,0.942,-7.433,1,0.126,140.099,0.267,TEAM,BROCKHAMPTON
0.198,0.687,0.672,0.0,0,0.175,-5.975,0,0.0573,80.035,0.792,GUMMY,BROCKHAMPTON
0.149,0.773,0.625,0.0,1,0.0619,-7.029,0,0.176,82.004,0.676,QUEER,BROCKHAMPTON
0.618,0.92,0.569,7.28e-06,7,0.206,-6.628,0,0.374,139.953,0.641,JELLO,BROCKHAMPTON
0.797,0.432,0.554,0.0,7,0.0804,-8.046,0,0.114,79.344,0.5,TEETH,BROCKHAMPTON
0.0224,0.692,0.655,0.0519,9,0.11,-5.758,1,0.0482,141.015,0.4,SWAMP,BROCKHAMPTON
0.936,0.434,0.312,0.00169,5,0.553,-20.861,1,0.0567,145.864,0.862,SCENE,BROCKHAMPTON
0.0644,0.632,0.625,0.0,2,0.689,-5.781,1,0.291,139.981,0.535,TOKYO,BROCKHAMPTON
0.723,0.606,0.368,0.0,0,0.137,-9.236,0,0.0793,101.549,0.349,JESUS,BROCKHAMPTON
0.353,0.464,0.71,0.0,7,0.309,-5.193,1,0.26,150.068,0.585,CHICK,BROCKHAMPTON
0.316,0.638,0.662,0.0,1,0.258,-5.497,1,0.404,82.327,0.675,JUNKY,BROCKHAMPTON
0.894,0.414,0.419,4.88e-05,9,0.514,-21.062,0,0.037,84.007,0.96,SCENE 2,BROCKHAMPTON
0.319,0.656,0.698,2.2e-05,1,0.252,-7.322,1,0.0967,90.008,0.165,FIGHT,BROCKHAMPTON
0.543,0.718,0.628,0.0,10,0.116,-6.007,0,0.223,92.107,0.722,SWEET,BROCKHAMPTON
0.314,0.652,0.511,0.00267,5,0.163,-8.055,1,0.0916,95.045,0.296,GAMBA,BROCKHAMPTON
0.866,0.504,0.659,0.0,4,0.273,-5.111,1,0.0336,79.996,0.431,SUNNY,BROCKHAMPTON
0.847,0.497,0.55,0.049,8,0.119,-6.13,1,0.0257,79.955,0.542,SUMMER,BROCKHAMPTON
0.0887,0.691,0.74,0.0,8,0.149,-5.884,1,0.298,78.025,0.41,HEAT,BROCKHAMPTON
0.0716,0.808,0.647,0.000466,11,0.205,-6.947,0,0.166,110.036,0.29,GOLD,BROCKHAMPTON
0.147,0.776,0.388,0.0,0,0.394,-9.143,1,0.282,75.01,0.294,STAR,BROCKHAMPTON
0.251,0.801,0.519,7.59e-06,6,0.103,-9.262,0,0.304,145.02,0.852,BOYS,BROCKHAMPTON
0.503,0.709,0.505,0.000422,3,0.179,-8.627,1,0.212,77.947,0.71,2PAC,BROCKHAMPTON
0.00829,0.7,0.435,0.00012,7,0.0925,-9.769,1,0.0526,125.894,0.645,FAKE,BROCKHAMPTON
0.0888,0.638,0.66,0.0,2,0.375,-10.762,1,0.301,80.038,0.409,BANK,BROCKHAMPTON
0.215,0.775,0.308,1.43e-05,6,0.104,-12.652,1,0.0905,75.954,0.633,TRIP,BROCKHAMPTON
0.147,0.659,0.493,3.46e-06,4,0.114,-9.161,1,0.0357,92.989,0.497,SWIM,BROCKHAMPTON
0.059,0.625,0.699,0.0,7,0.231,-10.665,1,0.478,147.956,0.381,BUMP,BROCKHAMPTON
0.184,0.611,0.795,0.0313,0,0.321,-8.59,0,0.0485,75.015,0.396,CASH,BROCKHAMPTON
0.77,0.662,0.195,0.000143,7,0.215,-25.97,1,0.166,115.422,0.833,SKIT 3,BROCKHAMPTON
0.591,0.945,0.702,0.000538,11,0.0788,-5.016,0,0.12,119.887,0.678,FACE,BROCKHAMPTON
0.89,0.167,0.127,0.915,7,0.113,-17.542,1,0.0401,180.528,0.201,Pallet Town,Eric Buchholz
0.943,0.185,0.164,0.835,0,0.14,-16.666,1,0.0436,69.77,0.16,Ecruteak City,Braxton Burks
0.828,0.239,0.18,0.865,0,0.11,-16.913,1,0.0406,124.992,0.058,Golden Horizons,Eric Buchholz
0.934,0.281,0.141,0.946,10,0.0979,-15.785,0,0.0365,138.55,0.0788,Abandoned Ship,Braxton Burks
0.931,0.271,0.197,0.851,0,0.14,-17.108,1,0.0394,85.209,0.0611,Twinleaf Town,Eric Buchholz
0.907,0.258,0.176,0.959,11,0.0973,-15.565,1,0.0348,136.934,0.389,Rise to Victory,Braxton Burks
0.938,0.239,0.131,0.619,9,0.104,-18.165,1,0.0377,89.933,0.0856,Reflections,Eric Buchholz
0.941,0.274,0.146,0.809,3,0.203,-16.439,1,0.0382,105.662,0.145,N Suite,Braxton Burks
0.884,0.184,0.161,0.896,3,0.221,-16.49,1,0.0421,148.413,0.167,Waltz of the Sea,Eric Buchholz
0.926,0.517,0.094,0.595,7,0.104,-15.256,1,0.0322,129.916,0.456,Mélancolie Path,Braxton Burks
0.0664,0.741,0.697,2.28e-05,0,0.133,-7.028,1,0.0277,116.109,0.774,Have You Ever Seen The Rain?,Creedence Clearwater Revival
0.216,0.863,0.815,0.0,11,0.0887,-6.242,0,0.232,108.972,0.636,Run It,Logic
0.158,0.885,0.94,0.0,1,0.0675,-5.908,1,0.0909,110.005,0.77,Everybody,Logic
0.123,0.694,0.702,0.0,9,0.0758,-5.477,1,0.0946,79.959,0.308,Broken People (with Logic & Rag'n'Bone Man),Logic
0.662,0.456,0.359,0.00567,1,0.681,-13.469,1,0.108,175.674,0.588,King Porter Stomp,Benny Goodman
0.181,0.771,0.523,0.0,2,0.126,-6.759,0,0.244,139.971,0.119,Kill Jill,Big Boi
0.984,0.33,0.094,0.178,7,0.109,-16.914,1,0.0353,169.834,0.118,Nobody Knows You (When You're Down and Out),Leslie Odom Jr.
0.193,0.501,0.731,0.000451,10,0.158,-4.535,1,0.0311,135.97,0.113,Here With Me,The Killers
0.992,0.0722,0.0184,0.92,3,0.0934,-29.46,1,0.046,75.843,0.0355,"Serenade For Winds, K. 361, 3rd Movement",Wolfgang Amadeus Mozart
0.139,0.174,0.336,0.846,10,0.11,-12.79,0,0.0394,84.734,0.0333,On the Nature of Daylight,Max Richter
0.92,0.587,0.229,0.0,10,0.1,-11.254,0,0.128,75.67,0.379,Liability,Lorde
0.98,0.32,0.141,0.802,2,0.0718,-20.927,1,0.0378,97.753,0.219,"Die Fledermaus (The Bat), Overture (RV 503-1)",Johann Strauss II
0.000152,0.467,0.988,0.0484,11,0.28,-3.313,1,0.112,130.435,0.321,When You Were Young,The Killers
0.0273,0.56,0.733,2.09e-05,10,0.253,-7.094,1,0.0317,132.956,0.331,Miss Atomic Bomb,The Killers
0.149,0.473,0.461,0.0,6,0.0973,-6.474,0,0.333,165.985,0.615,3005,Childish Gambino
0.336,0.639,0.587,0.0,1,0.391,-7.341,0,0.101,79.97,0.539,Bed I Made - Bonus Track,Allen Stone
0.617,0.456,0.609,0.0,7,0.0724,-6.439,0,0.377,86.368,0.41,"Finish Line / Drown (feat. T-Pain, Kirk Franklin, Eryn Allen Kane & Noname)",Chance the Rapper
0.723,0.714,0.343,5.48e-06,10,0.102,-7.641,1,0.38,72.348,0.372,Blessings (feat. Jamila Woods),Chance the Rapper
0.644,0.823,0.398,5.65e-06,7,0.0937,-8.22,1,0.0951,114.178,0.578,Banana Pancakes,Jack Johnson
0.858,0.711,0.228,0.0,10,0.121,-10.564,1,0.0319,110.937,0.633,Love And Marriage,Frank Sinatra
0.627,0.497,0.327,0.0,9,0.0552,-8.586,1,0.0354,126.644,0.619,Learnin' The Blues - Remastered,Frank Sinatra
0.873,0.177,0.105,0.000395,0,0.0986,-14.362,1,0.0357,68.903,0.0917,In The Wee Small Hours Of The Morning,Frank Sinatra
0.766,0.268,0.248,0.0,8,0.385,-11.628,1,0.0351,85.54,0.408,Young At Heart - Remastered,Frank Sinatra
0.015,0.539,0.764,0.0,4,0.0834,-5.376,1,0.0345,99.98,0.148,Walking The Wire,Imagine Dragons
0.603,0.545,0.453,0.0,3,0.0571,-6.697,1,0.0302,96.82,0.399,Good Old-Fashioned Lover Boy - Remastered 2011,Queen
0.85,0.552,0.29,0.0,10,0.227,-5.617,1,0.0448,78.842,0.481,Save Myself,Ed Sheeran
0.0232,0.461,0.834,1.14e-05,2,0.14,-4.868,1,0.0989,135.007,0.471,Castle on the Hill,Ed Sheeran
0.147,0.578,0.456,0.0,0,0.124,-8.865,0,0.0267,141.853,0.432,Love for a Child,Jason Mraz
0.144,0.612,0.52,0.0,2,0.695,-9.665,1,0.0474,86.027,0.635,Live High,Jason Mraz
0.147,0.718,0.658,0.0,10,0.183,-7.207,0,0.0665,108.105,0.806,Butterfly,Jason Mraz
0.164,0.664,0.794,0.0,4,0.159,-5.198,0,0.0481,149.949,0.641,Make It Mine,Jason Mraz
0.849,0.757,0.308,0.0,11,0.097,-13.66,0,0.0449,107.949,0.465,Be Honest (feat. Inara George),Jason Mraz
0.108,0.662,0.667,1.05e-06,7,0.131,-7.732,1,0.0293,90.982,0.545,Frank D. Fixer,Jason Mraz
0.479,0.573,0.454,1.36e-05,3,0.0974,-10.286,1,0.0258,140.187,0.515,93 Million Miles,Jason Mraz
0.511,0.499,0.562,0.0,9,0.143,-8.238,1,0.0609,166.506,0.436,Everything Is Sound,Jason Mraz
0.704,0.397,0.504,0.0,11,0.0684,-13.682,1,0.425,85.064,0.206,Intro (The Kid's Alright) [feat. Princeton],Sus Life
0.481,0.553,0.496,1.03e-05,9,0.0941,-9.072,1,0.26,163.89,0.0602,Roof Gone,Ceo Beatz
0.757,0.509,0.59,0.0,7,0.152,-6.523,1,0.114,160.25,0.443,Grown up Fairy Tales (feat. Chance the Rapper & Jeremih),Mike WiLL Made-It
0.703,0.745,0.668,0.000127,1,0.0907,-8.682,1,0.287,127.837,0.338,Favorite Colors (feat. Kyle),Luke Tennyson
0.775,0.786,0.327,0.00113,0,0.162,-13.869,1,0.384,116.897,0.458,Play My Part (feat. Aubree Jenai),Ceo Beatz
0.755,0.633,0.598,0.00742,7,0.143,-8.025,1,0.0295,103.956,0.556,New York Nights (feat. Stro & Jordan Bratton),Treble.Fm
0.136,0.912,0.507,2.36e-06,1,0.205,-8.354,1,0.557,144.018,0.179,Nobody Tell a Name (feat. Raury),Ludlow
0.697,0.693,0.632,1.16e-06,0,0.0627,-7.578,1,0.338,176.218,0.799,Neon Lights (feat. Supa Bwe & Lil Yachty),ZiG
0.321,0.587,0.589,0.0,0,0.684,-9.168,1,0.442,155.818,0.544,Outro (Chi-Town Anthem),Ludlow
0.0475,0.559,0.868,0.000176,5,0.776,-5.276,1,0.17,156.295,0.609,Don't Stop Me Now - Remastered,Queen
0.391,0.535,0.651,0.0,10,0.133,-6.326,1,0.0544,117.218,0.612,Killer Queen - Remastered 2011,Queen
0.536,0.522,0.385,0.0,0,0.135,-7.355,1,0.0288,89.792,0.236,Happier,Ed Sheeran
0.992,0.498,0.123,0.924,0,0.103,-20.059,1,0.0675,74.24,0.166,Old Friends,Juliana
0.989,0.744,0.0304,0.958,0,0.176,-22.066,0,0.0477,94.937,0.38,Le Marais,Leon Noel
0.986,0.514,0.0684,0.902,6,0.065,-19.78,1,0.0523,168.643,0.24,Stairs and Steps,Charlie Key
0.657,0.3,0.273,0.832,7,0.516,-11.504,1,0.0526,67.06,0.131,"Epilogue - From ""La La Land"" Soundtrack",Justin Hurwitz
0.746,0.576,0.246,4.91e-06,2,0.0662,-11.909,1,0.0557,78.58,0.636,L-O-V-E,Nat King Cole
0.914,0.589,0.242,0.0,6,0.0887,-10.517,1,0.0442,89.749,0.257,Supermarket Flowers,Ed Sheeran
0.251,0.838,0.492,0.0,1,0.262,-5.69,0,0.038,115.092,0.895,What Do I Know?,Ed Sheeran
0.163,0.599,0.448,0.0,8,0.106,-6.312,1,0.0232,95.05,0.168,Perfect,Ed Sheeran
0.355,0.761,0.386,0.0,4,0.0953,-6.158,1,0.0399,134.943,0.526,Dive,Ed Sheeran
0.375,0.779,0.464,0.0,0,0.112,-7.567,1,0.0395,123.988,0.435,Someone You Like,The Girl and The Dreamcatcher
0.145,0.0891,0.341,0.836,10,0.111,-12.681,0,0.046,85.231,0.0334,On The Nature Of Daylight,Max Richter
0.613,0.381,0.319,0.0,7,0.102,-14.754,1,0.031,159.044,0.911,Somewhere My Love (Lara's Theme),Frank Sinatra
0.5,0.597,0.643,0.0,5,0.0435,-6.303,1,0.134,167.963,0.823,Rich Girl - Remastered,Daryl Hall & John Oates
0.13,0.749,0.484,0.137,5,0.0501,-9.944,1,0.0484,167.084,0.939,You Make My Dreams - Remastered,Daryl Hall & John Oates
0.309,0.737,0.543,0.0,11,0.0772,-8.437,1,0.0871,163.975,0.593,Beautiful Lies,Jon McLaughlin
0.896,0.801,0.138,0.0,0,0.111,-11.772,1,0.0461,117.978,0.403,The Days,Jasmine Thompson
0.0633,0.897,0.661,0.0,8,0.116,-6.2,0,0.27,127.081,0.193,Bad and Boujee (feat. Lil Uzi Vert),Migos
0.156,0.652,0.795,0.0,11,0.123,-5.192,0,0.174,135.018,0.788,No Problem (feat. Lil Wayne & 2 Chainz),Chance the Rapper
0.477,0.439,0.483,0.0,2,0.553,-9.449,1,0.315,78.442,0.292,How Great (feat. Jay Electronica & My cousin Nicole),Chance the Rapper
0.461,0.371,0.323,0.0,0,0.0905,-10.137,1,0.0372,146.964,0.189,Feeling Good,Frank Sinatra Jr.
0.791,0.396,0.153,0.0,2,0.348,-11.598,0,0.0475,127.458,0.308,"Audition (The Fools Who Dream) - From ""La La Land"" Soundtrack",Emma Stone
0.992,0.414,0.0595,0.912,3,0.116,-23.003,1,0.0392,82.777,0.302,"Engagement Party - From ""La La Land"" Soundtrack",Justin Hurwitz
0.906,0.454,0.117,0.0,2,0.0888,-15.121,0,0.0354,97.692,0.428,"City Of Stars - From ""La La Land"" Soundtrack",Ryan Gosling
0.018,0.584,0.752,3.73e-06,8,0.647,-6.689,1,0.058,125.797,0.791,"Another Day Of Sun - From ""La La Land"" Soundtrack",La La Land Cast
0.0915,0.618,0.542,1.18e-05,0,0.223,-9.155,0,0.193,127.91,0.273,"Someone In The Crowd - From ""La La Land"" Soundtrack",Emma Stone
0.973,0.393,0.199,0.951,9,0.119,-15.713,1,0.0771,82.168,0.13,"Mia & Sebastian’s Theme - From ""La La Land"" Soundtrack",Justin Hurwitz
0.342,0.3,0.487,0.00295,7,0.125,-8.635,1,0.0515,165.794,0.502,"A Lovely Night - From ""La La Land"" Soundtrack",Ryan Gosling
0.0696,0.58,0.598,0.778,8,0.208,-9.454,1,0.0638,123.665,0.617,"Herman’s Habit - From ""La La Land"" Soundtrack",Justin Hurwitz
0.953,0.579,0.0842,0.0423,6,0.0935,-19.49,0,0.0561,98.189,0.188,"City Of Stars - From ""La La Land"" Soundtrack/Pier",Ryan Gosling
0.925,0.247,0.141,0.682,7,0.538,-15.414,1,0.0372,131.933,0.0389,"Planetarium - From ""La La Land"" Soundtrack",Justin Hurwitz
0.0887,0.588,0.499,0.863,7,0.287,-6.655,1,0.0278,107.722,0.685,"Summer Montage / Madeline - From ""La La Land"" Soundtrack",Justin Hurwitz
0.0834,0.543,0.848,0.0,10,0.799,-6.058,0,0.0531,102.009,0.29,Start A Fire,John Legend
0.915,0.279,0.0658,0.909,0,0.0451,-14.057,1,0.0385,98.796,0.253,"The End - From ""La La Land"" Soundtrack",Justin Hurwitz
0.979,0.569,0.0126,0.0137,4,0.111,-24.789,0,0.035,92.443,0.393,"City Of Stars (Humming) - From ""La La Land"" Soundtrack",Justin Hurwitz
0.0482,0.77,0.787,0.0,10,0.108,-4.402,0,0.113,125.013,0.699,Believer,Imagine Dragons
0.573,0.58,0.447,0.0,6,0.307,-7.031,1,0.0561,139.697,0.734,A Marshmallow World,Seth MacFarlane
0.163,0.209,0.418,0.00195,3,0.113,-8.74,1,0.0338,138.265,0.123,Fix You,Coldplay
0.458,0.458,0.692,0.0,2,0.587,-5.098,1,0.0485,112.755,0.576,That's Life,Frank Sinatra
0.0408,0.648,0.738,0.0,6,0.292,-5.883,0,0.247,159.145,0.603,Side To Side,Ariana Grande
0.609,0.614,0.128,5.27e-06,6,0.101,-15.139,1,0.0288,91.116,0.257,More Than Words,Extreme
0.868,0.546,0.221,0.0,2,0.0994,-8.915,1,0.063,128.144,0.593,Lemonade - Ukulele Version,Jeremy Passion
0.889,0.592,0.28,0.0,4,0.124,-5.494,1,0.0283,141.899,0.348,All I Ask,Adele
0.693,0.4,0.564,0.0,10,0.0863,-7.444,1,0.0523,99.269,0.483,Say You Won't Let Go,James Arthur
0.0376,0.523,0.78,0.0,8,0.0751,-3.378,1,0.0748,128.003,0.187,Clarity,Zedd
0.0613,0.468,0.432,0.0,0,0.0533,-10.382,1,0.1,101.097,0.393,You're Welcome - Jordan Fisher/Lin-Manuel Miranda Version,Jordan Fisher
0.919,0.409,0.188,1.2e-06,9,0.117,-12.149,1,0.0423,123.858,0.215,Dear Theodosia - Reprise,Chance the Rapper
0.104,0.599,0.965,0.0,10,0.109,-4.821,1,0.271,94.045,0.438,"My Shot (feat. Busta Rhymes, Joell Ortiz & Nate Ruess) - Rise Up Remix",The Roots
0.855,0.589,0.369,0.0,5,0.352,-8.678,0,0.0321,132.953,0.529,The Way You Look Tonight,Frank Sinatra
0.903,0.732,0.462,0.0,5,0.176,-7.963,1,0.0363,121.061,0.518,She Was Mine (feat. Jesse Barrera),AJ Rafael
0.547,0.407,0.589,0.0,2,0.281,-5.32,1,0.03,109.009,0.559,"Theme From New York, New York",Frank Sinatra
0.525,0.67,0.365,0.0,0,0.0575,-10.158,1,0.0564,119.342,0.45,Fly Me To The Moon,Frank Sinatra
0.395,0.279,0.454,0.0,2,0.198,-7.733,1,0.0316,150.661,0.216,My Way,Frank Sinatra
0.822,0.6,0.524,3.29e-05,0,0.104,-9.297,1,0.146,127.5,0.449,Broad Shoulders (feat. Chance the Rapper),Taylor Bennett
0.0397,0.494,0.698,0.00634,6,0.152,-12.049,0,0.0553,95.842,0.778,Hold the Line,Toto
0.257,0.671,0.373,7.95e-05,9,0.0481,-18.064,1,0.0323,92.717,0.732,Africa,Toto
0.548,0.828,0.56,3.66e-05,0,0.15,-6.685,1,0.0327,122.054,0.872,Fresh Eyes,Andy Grammer
0.201,0.737,0.514,0.000328,1,0.107,-7.153,0,0.229,84.516,0.112,,
0.119,0.689,0.521,8.41e-05,0,0.108,-5.845,1,0.132,95.055,0.178,All My Friends (feat. Tinashe & Chance the Rapper),Snakehips
0.0275,0.53,0.775,1.47e-06,3,0.0996,-4.571,1,0.0398,127.992,0.399,Find You,Zedd
0.102,0.494,0.582,0.0,0,0.0797,-4.769,1,0.0266,82.025,0.416,Lost Stars,Adam Levine
0.0551,0.714,0.868,0.0,5,0.0987,-4.596,0,0.0363,95.05,0.78,This Love,Maroon 5
0.835,0.609,0.378,0.0,4,0.28,-9.828,1,0.438,100.418,0.515,Love Yourself,Justin Bieber
0.707,0.746,0.341,0.0,7,0.0864,-6.356,1,0.0397,81.963,0.861,We Could Happen,AJ Rafael
0.014,0.695,0.672,8.44e-05,1,0.0756,-6.109,0,0.0345,104.988,0.245,Final Song,MØ
0.0527,0.679,0.684,0.000895,6,0.177,-8.559,1,0.278,151.748,0.755,A Milli,Lil Wayne
0.837,0.676,0.44,0.0,0,0.136,-7.152,1,0.213,83.133,0.917,YouTube Culture,Jon Cozart
0.711,0.69,0.407,0.0,9,0.126,-7.739,1,0.0297,111.916,0.181,This Town,Niall Horan
0.0653,0.696,0.774,0.0,6,0.87,-2.424,0,0.084,134.985,0.33,Champions,Kanye West
0.738,0.388,0.315,0.0,0,0.115,-8.247,1,0.0319,175.072,0.526,Hopeless Romantic,Meghan Trainor
0.913,0.565,0.132,0.0,9,0.0926,-16.595,1,0.0631,167.312,0.32,Mama Said,Kurt Hugo Schneider
0.475,0.752,0.553,0.0,3,0.104,-6.747,1,0.0688,136.996,0.338,Never Had Nothin,The Palmer Squares
0.0709,0.76,0.631,0.0,6,0.126,-7.507,1,0.0718,90.842,0.368,Let It Go,Kyle Coglitore
0.0171,0.85,0.58,1.41e-06,2,0.072,-8.156,1,0.0563,93.018,0.321,Buzzin',Shwayze
0.281,0.652,0.295,1.03e-05,2,0.0809,-11.045,1,0.0477,75.065,0.196,Cancer,Twenty One Pilots
0.637,0.872,0.771,0.0,7,0.109,-9.176,1,0.542,80.07,0.537,U Only Call Me When It's Raining Out,gnash
0.697,0.292,0.359,1.85e-05,5,0.108,-9.043,1,0.0328,177.334,0.228,Creep,Scott Bradlee's Postmodern Jukebox
0.837,0.663,0.312,0.0,11,0.113,-13.52,1,0.326,77.298,0.202,Neverland,Carson Key
0.823,0.752,0.45,0.0,0,0.245,-5.79,1,0.0425,105.969,0.556,Blue Blue Blue,Mike Slap
0.0841,0.732,0.396,3.58e-05,4,0.105,-9.348,0,0.0286,90.024,0.548,Heathens,Twenty One Pilots
0.815,0.653,0.328,0.0,11,0.114,-9.82,0,0.0451,144.966,0.501,Be As You Are - Acoustic,Mike Posner
0.713,0.742,0.501,6.06e-06,4,0.295,-7.55,1,0.0734,84.076,0.677,1955,Hilltop Hoods
0.177,0.423,0.797,0.0,0,0.137,-4.659,1,0.124,82.617,0.592,The Judge,Twenty One Pilots
0.527,0.539,0.789,0.0,2,0.177,-5.728,1,0.301,175.798,0.724,The End of the World,Travis Thompson
0.485,0.738,0.536,0.0,6,0.0955,-5.22,1,0.0773,140.124,0.42,Roses in the Desert (feat. Brielle Marie),Seven Trill
0.414,0.748,0.524,0.0,8,0.111,-5.599,1,0.0338,95.01,0.661,Closer,The Chainsmokers
0.0143,0.419,0.741,0.0,5,0.309,-3.687,1,0.129,95.044,0.671,I'm Not Famous,AJR
0.123,0.648,0.85,0.000347,6,0.0529,-4.248,0,0.0561,170.061,0.567,Lord Willin',Logic
0.0724,0.501,0.763,0.0,8,0.3,-5.827,1,0.284,161.779,0.28,Bonfire,Childish Gambino
0.249,0.457,0.906,0.0,5,0.182,-2.278,0,0.342,104.02,0.54,Forever,Drake
0.271,0.414,0.404,0.0,0,0.3,-9.928,0,0.0499,71.105,0.224,Bohemian Rhapsody - Remastered 2011,Queen
0.403,0.712,0.838,0.0,7,0.809,-2.679,1,0.313,148.138,0.607,Rap God,Eminem
0.675,0.693,0.426,1.03e-05,8,0.115,-12.476,1,0.302,144.796,0.477,Summer Friends (feat. Jeremih & Francis & The Lights),Chance the Rapper
0.0424,0.638,0.723,0.0,6,0.0817,-5.2,1,0.0588,129.846,0.605,Chivalry Is Dead,Trevor Wesley
0.00695,0.656,0.446,0.000419,1,0.088,-5.897,1,0.265,74.543,0.203,Swimming Pools (Drank),Kendrick Lamar
0.0201,0.665,0.578,7.81e-05,1,0.176,-8.82,1,0.193,110.96,0.425,,
0.521,0.428,0.489,1.11e-06,7,0.358,-10.108,1,0.118,172.257,0.343,,
0.0176,0.685,0.67,0.000123,0,0.0991,-9.593,1,0.374,155.969,0.174,,
0.852,0.656,0.234,0.0,9,0.102,-12.28,1,0.0991,80.23,0.573,Delusional,Charlie Allen
0.00835,0.645,0.713,0.0,6,0.113,-5.355,1,0.0393,74.989,0.566,Ride,Twenty One Pilots
0.0112,0.694,0.659,0.0,5,0.41,-5.372,0,0.0382,96.964,0.316,Golden,Brandon Beal
0.287,0.765,0.473,0.0,10,0.391,-5.829,1,0.0514,119.992,0.34,7 Years,Lukas Graham
0.0447,0.712,0.799,6.4e-05,7,0.37,-4.564,0,0.0703,83.996,0.591,Mama Said,Lukas Graham
0.392,0.754,0.322,0.0,3,0.101,-8.568,0,0.0476,128.108,0.475,Happy Home,Lukas Graham
0.0614,0.768,0.744,0.0,2,0.177,-4.721,1,0.0426,93.537,0.691,Drunk in the Morning,Lukas Graham
0.307,0.558,0.508,0.0,6,0.0888,-6.471,0,0.0393,99.336,0.209,Better Than Yourself (Criminal Mind Pt. 2),Lukas Graham
0.00818,0.627,0.772,0.0,5,0.362,-6.406,0,0.125,178.005,0.482,Don't You Worry 'Bout Me,Lukas Graham
0.378,0.647,0.529,0.0,9,0.0879,-6.524,1,0.0975,139.997,0.145,What Happened To Perfect,Lukas Graham
0.0109,0.724,0.664,0.0,10,0.376,-5.65,1,0.109,130.639,0.853,Strip No More,Lukas Graham
0.0606,0.766,0.516,3.45e-05,2,0.102,-7.809,0,0.0474,92.059,0.296,You're Not There,Lukas Graham
0.834,0.749,0.35,6.27e-06,3,0.0948,-6.82,1,0.038,94.867,0.423,Funeral,Lukas Graham
0.344,0.628,0.597,1.64e-06,10,0.184,-8.055,0,0.174,86.909,0.519,Good to Be Home (feat. Elan Wright),Sam Lachow
0.335,0.61,0.587,0.0,1,0.382,-7.188,0,0.173,160.076,0.485,Bed I Made - Bonus Track,Allen Stone
0.019,0.689,0.935,0.000299,2,0.24,-4.449,1,0.167,145.984,0.391,"Burial (feat. Pusha T, Moody Good, TrollPhace)",Yogi
0.192,0.743,0.72,0.000386,11,0.109,-3.753,1,0.124,163.99,0.519,Black Widow,Iggy Azalea
0.513,0.825,0.453,0.0,10,0.102,-8.17,1,0.0451,108.991,0.614,Roll Up (feat. Marko Penn),B.o.B
0.0498,0.782,0.874,0.0,1,0.765,-5.118,1,0.24,129.911,0.536,Mañana,Hi-Tone
0.0577,0.779,0.472,0.0,11,0.114,-7.116,1,0.218,135.051,0.412,Nasty Freestyle,T-Wayne
0.0152,0.746,0.754,0.0,1,0.0486,-6.681,1,0.067,149.882,0.764,Stitches,Shawn Mendes
0.402,0.603,0.49,4.04e-06,6,0.125,-8.58,1,0.129,85.876,0.331,Need To Know (feat. Chance The Rapper),Macklemore & Ryan Lewis
0.178,0.74,0.549,0.0,9,0.114,-7.072,1,0.303,85.16,0.469,Growing Up (feat. Ed Sheeran),Macklemore & Ryan Lewis
0.947,0.461,0.293,9.95e-06,6,0.0936,-9.52,1,0.0555,180.297,0.531,Same Drugs,Chance the Rapper
0.208,0.66,0.509,0.0,5,0.053,-8.251,1,0.1,81.971,0.141,Go Flex,Post Malone
0.975,0.408,0.0409,0.598,0,0.0905,-21.388,1,0.0425,133.192,0.294,"Divertimento in F Major, K. 247: I. Allegro",Wolfgang Amadeus Mozart
0.891,0.381,0.462,0.0,8,0.199,-8.014,1,0.124,80.08,0.542,"Blessings (feat. Ty Dolla $ign, Anderson .Paak, BJ The Chicago Kid, Raury & Jamila Woods)",Chance the Rapper
0.135,0.875,0.673,0.0,7,0.292,-4.184,1,0.0932,130.0,0.231,Cut It (feat. Young Dolph),O.T. Genasis
0.236,0.886,0.525,0.0,8,0.057,-7.39,1,0.132,145.99,0.708,Broccoli,DRAM
0.804,0.706,0.206,0.00939,5,0.0963,-22.008,1,0.043,108.817,0.62,"Raindrops Keep Fallin' On My Head - From ""Butch Cassidy And The Sundance Kid"" Soundtrack",B.J. Thomas
0.0259,0.38,0.438,1.29e-05,5,0.154,-5.526,0,0.0962,179.404,0.349,Weight in Gold,Gallant
0.102,0.803,0.631,7.39e-06,8,0.0858,-4.213,1,0.0444,104.999,0.659,Work from Home,Fifth Harmony
0.994,0.537,0.0231,0.0471,7,0.146,-14.407,1,0.0475,120.322,0.342,Truce,Twenty One Pilots
0.0605,0.77,0.706,0.00182,2,0.0985,-4.705,1,0.0302,115.011,0.527,Not Today,Twenty One Pilots
0.445,0.68,0.693,0.0,0,0.208,-7.234,1,0.0435,114.948,0.851,House of Gold,Twenty One Pilots
0.0462,0.734,0.637,2.29e-05,4,0.0602,-5.677,0,0.141,169.977,0.648,Stressed Out,Twenty One Pilots
0.0963,0.718,0.714,0.0,0,0.141,-5.699,1,0.0622,149.949,0.84,Screen,Twenty One Pilots
0.976,0.363,0.135,0.000265,7,0.107,-11.166,0,0.0295,98.45,0.195,Before You Start Your Day,Twenty One Pilots
0.129,0.639,0.868,0.0,5,0.0791,-5.524,1,0.321,80.712,0.797,Freaks And Geeks,Childish Gambino
0.53,0.511,0.596,0.0,0,0.0798,-6.56,1,0.224,158.063,0.554,Sunday Candy,Donnie Trumpet & The Social Experiment
0.0352,0.655,0.699,0.0,11,0.064,-4.421,1,0.0493,86.704,0.802,History,One Direction
0.378,0.649,0.425,0.0013,4,0.108,-9.811,1,0.0267,107.383,0.651,New Kid in Town - 2013 Remaster,Eagles
0.615,0.497,0.343,3.13e-05,7,0.099,-11.482,1,0.0369,136.118,0.407,Father And Son,Yusuf / Cat Stevens
0.622,0.424,0.321,0.0196,7,0.0903,-13.162,1,0.0312,133.126,0.405,Morning Has Broken,Yusuf / Cat Stevens
0.639,0.442,0.384,7.7e-05,10,0.0539,-14.635,1,0.0414,123.281,0.216,Life on Mars? - 2015 Remaster,David Bowie
0.0737,0.566,0.815,0.0,9,0.12,-4.481,0,0.14,169.961,0.672,I Write Sins Not Tragedies,Panic! At The Disco
0.0247,0.713,0.699,0.0,3,0.102,-2.371,1,0.0342,111.849,0.496,Won't Go Home Without You - Radio Mix,Maroon 5
0.354,0.483,0.503,0.000284,0,0.116,-9.396,1,0.0341,151.862,0.598,Wild World,Yusuf / Cat Stevens
0.114,0.697,0.809,0.000521,9,0.183,-8.197,1,0.0302,125.941,0.98,September,"Earth, Wind & Fire"
0.0352,0.803,0.671,0.0022,7,0.071,-6.79,1,0.0984,98.001,0.726,Slow Dancin',Two Worlds
0.156,0.774,0.765,0.0,4,0.0523,-5.503,0,0.0517,119.018,0.908,Cake By The Ocean,DNCE
0.102,0.724,0.803,5.89e-05,1,0.105,-6.63,1,0.0991,96.018,0.738,I Love You More Than You Think,Rizzle Kicks
0.174,0.793,0.365,0.000202,10,0.287,-11.269,0,0.053,95.01,0.452,Shoot You Down (feat. Kennyon Brown),Avii
0.577,0.8,0.653,6.83e-05,7,0.174,-5.134,1,0.0291,104.894,0.502,Compass,Kyle & Devin
0.0563,0.852,0.553,0.0,1,0.332,-7.286,1,0.187,142.072,0.656,Jumpman,Drake
0.000739,0.546,0.651,0.0,1,0.235,-7.601,1,0.3,77.878,0.646,Backseat Freestyle,Kendrick Lamar
0.0159,0.718,0.691,0.0,4,0.0627,-6.44,1,0.0387,100.008,0.552,Gives You Hell,The All-American Rejects
0.44,0.769,0.437,0.0,1,0.116,-6.406,1,0.0363,103.921,0.737,That's How You Know (feat. Kid Ink & Bebe Rexha),Nico & Vinz
0.0916,0.828,0.609,1.21e-06,1,0.291,-4.402,1,0.0694,109.725,0.707,"Downtown (feat. Melle Mel, Grandmaster Caz, Kool Moe Dee & Eric Nally)",Macklemore & Ryan Lewis
0.0968,0.681,0.462,0.0,10,0.22,-6.869,0,0.194,171.127,0.751,My Nigga,YG
0.119,0.564,0.594,0.0,11,0.536,-9.912,0,0.155,89.394,0.507,I Know There's Gonna Be (Good Times),Jamie xx
0.0248,0.673,0.842,0.0,1,0.294,-4.666,1,0.039,121.986,0.509,Hula Hoop,OMI
0.304,0.83,0.699,0.0,8,0.119,-5.815,1,0.079,123.024,0.847,Drop In the Ocean,OMI
